,AA,cf,tai,er
TGT,CYS,8.1,0.10800000000000001,1.2301445444442614
TGC,CYS,4.8,0.24600000000000002,0.7619235124795833
GAT,ASP,37.6,0.433,1.0233729163743657
GAC,ASP,20.2,0.985,1.0256935201093882
TCT,SER,23.5,0.677,1.5096340314988161
TCG,SER,8.6,0.121,0.7380211056323704
TCA,SER,18.7,0.185,0.9984715397669247
TCC,SER,14.2,0.488,1.4138342265231059
AGC,SER,9.8,0.12300000000000001,0.8351906581586351
AGT,SER,14.2,0.054000000000000006,1.0528455836654798
CAA,GLN,27.3,0.5539999999999999,1.154867234153027
CAG,GLN,12.1,0.239,0.6125373157732769
ATG,MET,20.9,0.616,1.1883179786806248
AAC,ASN,24.8,0.616,1.449606250702153
AAT,ASN,35.7,0.27,1.412806925240474
CCT,PRO,13.5,0.12300000000000001,0.9766500551514287
CCG,PRO,5.3,0.19699999999999998,0.32045839394136233
CCA,PRO,18.3,0.616,0.9222614736705417
CCC,PRO,6.8,0.08900000000000001,0.762964599663319
AAG,LYS,30.8,1.0,0.9138187581221354
AAA,LYS,41.9,0.431,1.022240895155907
TAG,STOP,0.5,0.0,0.0
TGA,STOP,0.7,0.0,0.0
TAA,STOP,1.1,0.0,0.0
ACC,THR,12.7,0.488,1.4333765161898442
ACA,THR,17.8,0.24600000000000002,0.7545756334549256
ACG,THR,8.0,0.14,0.5690678179743257
ACT,THR,20.3,0.677,1.4440912838982378
TTT,PHE,26.1,0.27,1.4571375698151037
TTC,PHE,18.4,0.616,1.4375055254118632
GCA,ALA,16.2,0.308,0.7030253571403966
GCC,ALA,12.6,0.488,1.4320740771822054
GCG,ALA,6.2,0.099,0.5582534081928824
GCT,ALA,21.2,0.677,1.344124502489117
GGT,GLY,23.9,0.433,0.9373902081718677
GGG,GLY,6.0,0.182,0.5794956139715465
GGA,GLY,10.9,0.185,0.6552798683935912
GGC,GLY,9.8,0.985,0.6936340967770777
ATC,ILE,17.2,0.5760000000000001,1.4204965146697517
ATA,ILE,17.8,0.12300000000000001,0.7173529103724927
ATT,ILE,30.1,0.8,1.5912304109591222
TTA,LEU,26.2,0.431,1.3749542999564552
TTG,LEU,27.2,0.754,1.2651527342986955
CTC,LEU,5.4,0.062,0.9070562170766939
CTT,LEU,12.3,0.027000000000000003,1.0897017410055745
CTG,LEU,10.5,0.059000000000000004,0.6865746775605012
CTA,LEU,13.4,0.185,1.0910873547449043
CAT,HIS,13.6,0.18899999999999997,1.0078609119689932
CAC,HIS,7.8,0.431,1.0923421246119864
CGA,ARG,3.0,0.0,0.2744040410714797
CGC,ARG,2.6,0.266,0.6011925495890669
CGG,ARG,1.7,0.062,0.24873911035721052
CGT,ARG,6.4,0.369,0.9561114259904742
AGG,ARG,9.2,0.278,0.5156348212319857
AGA,ARG,21.3,0.677,0.8843012128014274
TGG,TRP,10.4,0.369,0.5586957047641826
GTA,VAL,11.8,0.12300000000000001,1.022022123917321
GTC,VAL,11.8,0.621,1.461677804407923
GTG,VAL,10.8,0.163,0.782541989051142
GTT,VAL,22.1,0.862,1.5782327612397398
GAG,GLU,19.2,0.39899999999999997,0.7412350621677553
GAA,GLU,45.6,0.862,1.0685030101866801
TAT,TYR,18.8,0.21600000000000003,1.1908578320576069
TAC,TYR,14.8,0.493,1.0692502032644635
---,---,0.0,0.0,0.0
