,e_cym,c_tro,n_dai,c_alb,k_mar,n_cas,k_nag,k_lac,c_gla,e_gos,k_afr,z_rou,c_dub,s_cer
AAA,0.3472222222222222,0.8181818181818182,0.5494505494505495,0.5605381165919282,0.2737226277372263,0.48309178743961356,0.4444444444444444,0.38910505836575876,0.1582278481012658,0.25,0.47058823529411764,0.4117647058823529,0.625,0.431
AAG,0.8055555555555555,0.7163636363636363,1.0,0.4035874439461883,1.0,1.0,0.9199999999999999,1.0,1.0,0.83,0.8564705882352941,0.9552941176470587,0.575,1.0
AAC,0.5787037037037037,0.7272727272727273,0.6181318681318682,0.4484304932735426,0.6386861313868614,0.6038647342995169,0.6666666666666666,0.5836575875486382,0.6329113924050632,0.5833333333333334,0.5882352941176471,0.5294117647058824,0.5,0.616
AAT,0.3414351851851852,0.42909090909090913,0.3646978021978023,0.2645739910313902,0.37682481751824826,0.356280193236715,0.39333333333333337,0.34435797665369655,0.3734177215189874,0.34416666666666673,0.3470588235294118,0.3123529411764706,0.29500000000000004,0.27
AGA,0.5787037037037037,0.8181818181818182,0.7554945054945056,0.5605381165919282,0.6386861313868614,0.6038647342995169,0.6666666666666666,0.6809338521400778,0.6329113924050632,0.5,0.6470588235294118,0.47058823529411764,0.625,0.677
AGG,0.3009259259259259,0.35272727272727267,0.31043956043956045,0.29147982062780264,0.2956204379562044,0.25362318840579706,0.3244444444444444,0.3151750972762646,0.2816455696202531,0.24333333333333332,0.26588235294117646,0.268235294117647,0.32499999999999996,0.278
AGC,0.3472222222222222,0.2727272727272727,0.34340659340659346,0.2242152466367713,0.18248175182481755,0.24154589371980678,0.3333333333333333,0.19455252918287938,0.1582278481012658,0.25,0.23529411764705882,0.29411764705882354,0.125,0.12300000000000001
AGT,0.20486111111111113,0.16090909090909092,0.20260989010989014,0.1322869955156951,0.10766423357664236,0.142512077294686,0.19666666666666668,0.11478599221789886,0.09335443037974685,0.14750000000000002,0.13882352941176473,0.1735294117647059,0.07375000000000001,0.054000000000000006
ACA,0.11578703703703702,0.2728,0.3434821428571429,0.3363789237668161,0.273786496350365,0.18122584541062803,0.22230000000000003,0.19461089494163425,0.15829905063291136,0.166725,0.17653529411764707,0.11770588235294117,0.25006249999999997,0.24600000000000002
ACG,0.15277777777777776,0.1781818181818182,0.24725274725274726,0.21973094170403587,0.17883211678832117,0.17874396135265702,0.1822222222222222,0.15953307392996108,0.12974683544303797,0.21999999999999997,0.11529411764705882,0.1552941176470588,0.205,0.14
ACC,0.3333333333333333,0.5236363636363636,0.543956043956044,0.4035874439461883,0.4598540145985402,0.4782608695652174,0.56,0.4202334630350195,0.5126582278481012,0.42,0.46588235294117647,0.4235294117647058,0.44999999999999996,0.488
ACT,0.4629629629629629,0.7272727272727273,0.7554945054945056,0.5605381165919282,0.6386861313868614,0.6642512077294687,0.7777777777777778,0.5836575875486382,0.7120253164556962,0.5833333333333334,0.6470588235294118,0.5882352941176471,0.625,0.677
ATA,0.11582175925925925,0.18189999999999998,0.13744505494505496,0.11217488789237667,0.09131386861313869,0.12084541062801933,0.22230000000000003,0.0973443579766537,0.1582911392405063,0.08340833333333332,0.11772352941176469,0.05888823529411764,0.125075,0.12300000000000001
ATG,0.3842592592592592,0.4218181818181818,0.3873626373626374,0.2600896860986547,0.48540145985401467,0.34057971014492755,0.2933333333333333,0.3229571984435798,0.2879746835443038,0.36000000000000004,0.3317647058823529,0.3129411764705883,0.29,0.616
ATC,0.5833333333333333,0.6799999999999999,0.5934065934065935,0.484304932735426,0.6167883211678833,0.5217391304347827,0.56,0.49027237354085607,0.45569620253164556,0.5399999999999999,0.5505882352941176,0.5247058823529411,0.54,0.5760000000000001
ATT,0.8101851851851851,0.8718181818181818,0.8241758241758242,0.672645739910314,0.7837591240875913,0.7246376811594204,0.7777777777777778,0.6809338521400778,0.6329113924050632,0.75,0.7647058823529411,0.6817647058823529,0.75,0.8
GAA,0.5787037037037037,1.0,0.8928571428571429,0.7847533632286996,0.8211678832116789,0.785024154589372,0.6666666666666666,0.7782101167315175,0.5537974683544303,0.25,0.8823529411764706,0.5882352941176471,0.875,0.862
GAG,0.5324074074074073,0.4109090909090909,0.35439560439560436,0.3632286995515695,0.4452554744525547,0.3115942028985507,0.5466666666666666,0.44357976653696496,0.41455696202531644,0.7466666666666666,0.3999999999999999,0.4235294117647058,0.40499999999999997,0.39899999999999997
GAC,0.6944444444444444,0.9090909090909091,0.8928571428571429,0.672645739910314,0.7299270072992702,0.8454106280193238,0.8888888888888888,0.7782101167315175,0.6329113924050632,0.8333333333333334,0.7647058823529411,0.8235294117647058,0.75,0.985
GAT,0.40972222222222227,0.5363636363636364,0.5267857142857144,0.39686098654708524,0.4306569343065694,0.49879227053140107,0.5244444444444445,0.4591439688715954,0.3734177215189874,0.4916666666666667,0.45117647058823535,0.48588235294117654,0.44250000000000006,0.433
GGA,0.23148148148148145,0.36363636363636365,0.20604395604395606,0.2242152466367713,0.18248175182481755,0.1811594202898551,0.1111111111111111,0.19455252918287938,0.1582278481012658,0.16666666666666666,0.23529411764705882,0.29411764705882354,0.25,0.185
GGG,0.1898148148148148,0.11636363636363635,0.13461538461538464,0.18385650224215247,0.14963503649635038,0.17874396135265702,0.2577777777777778,0.15953307392996108,0.050632911392405056,0.21999999999999997,0.1341176470588235,0.2117647058823529,0.205,0.182
GGC,0.9259259259259258,0.8181818181818182,0.8241758241758242,0.672645739910314,0.8211678832116789,0.785024154589372,1.0,0.6809338521400778,0.870253164556962,1.0,1.0,1.0,0.75,0.985
GGT,0.5462962962962963,0.4827272727272728,0.48626373626373637,0.39686098654708524,0.4844890510948906,0.4631642512077295,0.5900000000000001,0.40175097276264604,0.5134493670886077,0.5900000000000001,0.5900000000000001,0.5900000000000001,0.44250000000000006,0.433
GCA,0.3472800925925925,0.4546272727272727,0.3434752747252747,0.22428251121076231,0.4562682481751825,0.3020048309178744,0.11118888888888888,0.2918968871595331,0.31652689873417716,0.3333916666666667,0.29418823529411764,0.5294823529411765,0.250075,0.308
GCG,0.22685185185185183,0.14545454545454542,0.10989010989010987,0.0717488789237668,0.145985401459854,0.09661835748792269,0.14666666666666664,0.09338521400778209,0.10126582278481011,0.2733333333333333,0.09411764705882351,0.16941176470588232,0.07999999999999999,0.099
GCC,0.4166666666666666,0.589090909090909,0.4945054945054945,0.484304932735426,0.4598540145985402,0.5217391304347827,0.56,0.49027237354085607,0.5126582278481012,0.42,0.5082352941176471,0.5082352941176471,0.54,0.488
GCT,0.5787037037037037,0.8181818181818182,0.6868131868131869,0.672645739910314,0.6386861313868614,0.7246376811594204,0.7777777777777778,0.6809338521400778,0.7120253164556962,0.5833333333333334,0.7058823529411765,0.7058823529411765,0.75,0.677
GTA,0.1157986111111111,0.0910090909090909,0.1374587912087912,0.11217488789237667,0.09131386861313869,0.1208514492753623,0.11118888888888888,0.0973443579766537,0.15830696202531644,0.16674999999999998,0.11772352941176469,0.11771764705882352,0.1251,0.12300000000000001
GTG,0.2685185185185185,0.029090909090909087,0.1813186813186813,0.14798206278026904,0.2116788321167883,0.15942028985507245,0.2577777777777778,0.22568093385214008,0.12974683544303797,0.38666666666666666,0.09647058823529411,0.27294117647058824,0.16499999999999998,0.163
GTC,0.4166666666666666,0.72,0.6923076923076924,0.484304932735426,0.5255474452554745,0.5652173913043478,0.56,0.49027237354085607,0.5696202531645569,0.6,0.5505882352941176,0.5082352941176471,0.72,0.621
GTT,0.5787037037037037,1.0,0.9615384615384617,0.672645739910314,0.7299270072992702,0.785024154589372,0.7777777777777778,0.6809338521400778,0.7911392405063291,0.8333333333333334,0.7647058823529411,0.7058823529411765,1.0,0.862
CAA,0.4629629629629629,0.6363636363636364,0.6868131868131869,0.4484304932735426,0.5474452554744526,0.5434782608695653,0.4444444444444444,0.5836575875486382,0.47468354430379744,0.3333333333333333,0.5294117647058824,0.5882352941176471,0.5,0.5539999999999999
CAG,0.49537037037037024,0.2945454545454545,0.28846153846153844,0.25560538116591924,0.2664233576642336,0.23429951690821255,0.3644444444444444,0.2840466926070039,0.310126582278481,0.2733333333333333,0.22823529411764704,0.36470588235294116,0.285,0.239
CAC,0.3472222222222222,0.36363636363636365,0.48076923076923084,0.336322869955157,0.45620437956204385,0.48309178743961356,0.4444444444444444,0.38910505836575876,0.47468354430379744,0.4166666666666667,0.35294117647058826,0.35294117647058826,0.375,0.431
CAT,0.20486111111111113,0.21454545454545457,0.28365384615384626,0.19843049327354262,0.26916058394160586,0.285024154589372,0.26222222222222225,0.2295719844357977,0.28006329113924056,0.24583333333333335,0.20823529411764707,0.20823529411764707,0.22125000000000003,0.18899999999999997
CGA,3.4722222222218394e-05,1.818181818181618e-05,3.434065934065556e-05,2.2421524663674662e-05,2.7372262773719615e-05,3.019323671497252e-05,3.333333333332966e-05,2.9182879377428693e-05,2.3734177215187258e-05,3.333333333332966e-05,2.3529411764703292e-05,2.9411764705879115e-05,2.4999999999997247e-05,0.0
CGG,0.11574074074074073,0.09090909090909091,0.13736263736263737,0.11210762331838565,0.09124087591240877,0.12077294685990339,0.1111111111111111,0.09727626459143969,0.0791139240506329,0.16666666666666666,0.058823529411764705,0.058823529411764705,0.125,0.062
CGC,0.25,0.1309090909090909,0.24725274725274726,0.16143497757847533,0.19708029197080296,0.21739130434782608,0.24000000000000002,0.21011673151750976,0.17088607594936708,0.24,0.16941176470588235,0.2117647058823529,0.18,0.266
CGT,0.3472222222222222,0.18181818181818182,0.34340659340659346,0.2242152466367713,0.2737226277372263,0.30193236714975846,0.3333333333333333,0.2918287937743191,0.23734177215189872,0.3333333333333333,0.23529411764705882,0.29411764705882354,0.25,0.369
CCA,0.6944560185185185,0.6363727272727272,0.7555013736263737,0.4484417040358744,0.6386952554744526,0.60387077294686,0.6666777777777777,0.680943579766537,0.5538053797468354,0.5833416666666666,0.5882411764705883,0.5882529411764705,0.6250125,0.616
CCG,0.22222222222222218,0.20363636363636362,0.24175824175824176,0.1434977578475336,0.20437956204379562,0.19323671497584538,0.2133333333333333,0.2178988326848249,0.1772151898734177,0.18666666666666665,0.18823529411764703,0.18823529411764703,0.19999999999999996,0.19699999999999998
CCC,0.08333333333333333,0.06545454545454545,0.049450549450549455,0.08071748878923767,0.06569343065693431,0.043478260869565216,0.08,0.07003891050583658,0.056962025316455694,0.06,0.042352941176470586,0.12705882352941178,0.09,0.08900000000000001
CCT,0.11574074074074073,0.09090909090909091,0.06868131868131869,0.11210762331838565,0.09124087591240877,0.060386473429951695,0.1111111111111111,0.09727626459143969,0.0791139240506329,0.08333333333333333,0.058823529411764705,0.17647058823529413,0.125,0.12300000000000001
CTA,0.23148148148148145,0.09092727272727273,0.27473214285714287,2.2421524663674662e-05,0.18248175182481755,0.18117149758454107,0.33334444444444444,0.19455252918287938,0.3164556962025316,0.5,0.11765882352941176,0.29411764705882354,2.4999999999997247e-05,0.185
CTG,0.1898148148148148,0.11999999999999998,0.0879120879120879,0.11210762331838565,0.14963503649635038,0.05797101449275362,0.10666666666666665,0.15953307392996108,0.10126582278481011,0.24333333333333332,0.03764705882352941,0.09411764705882351,0.125,0.059000000000000004
CTC,0.11574074074074073,0.1309090909090909,0.049450549450549455,0.16143497757847533,0.09124087591240877,0.08695652173913043,0.08,0.09727626459143969,0.0791139240506329,0.08333333333333333,0.08470588235294117,0.058823529411764705,0.18,0.062
CTT,0.06828703703703703,0.18181818181818182,0.06868131868131869,0.2242152466367713,0.05383211678832118,0.12077294685990339,0.1111111111111111,0.05739299610894943,0.046677215189873424,0.04916666666666667,0.11764705882352941,0.034705882352941184,0.25,0.027000000000000003
TAA,0.0,0.0,0.0,0.0,0.0,0.0,0.0,0.0,0.0,0.0,0.0,0.0,0.0,0.0
TAG,0.0,0.0,0.0,0.0,0.0,0.0,0.0,0.0,0.0,0.0,0.0,0.0,0.0,0.0
TAC,0.6944444444444444,0.45454545454545453,0.6181318681318682,0.4484304932735426,0.5474452554744526,0.5434782608695653,0.5555555555555556,0.4863813229571985,0.47468354430379744,0.4166666666666667,0.5294117647058824,0.4117647058823529,0.5,0.493
TAT,0.40972222222222227,0.2681818181818182,0.3646978021978023,0.2645739910313902,0.3229927007299271,0.3206521739130435,0.3277777777777778,0.2869649805447471,0.28006329113924056,0.24583333333333335,0.3123529411764706,0.24294117647058827,0.29500000000000004,0.21600000000000003
TGA,0.0,0.09090909090909091,0.0,0.0,0.09124087591240877,0.0,0.0,0.0,0.0,0.0,0.0,0.0,0.0,0.0
TGG,0.4629629629629629,0.48363636363636364,0.34340659340659346,0.2242152466367713,0.3941605839416059,0.4227053140096619,0.4444444444444444,0.38910505836575876,0.39556962025316456,0.4166666666666667,0.35294117647058826,0.35294117647058826,0.25,0.369
TGC,0.4629629629629629,0.18181818181818182,0.34340659340659346,0.2242152466367713,0.2737226277372263,0.24154589371980678,0.4444444444444444,0.2918287937743191,0.1582278481012658,0.25,0.29411764705882354,0.23529411764705882,0.25,0.24600000000000002
TGT,0.27314814814814814,0.10727272727272728,0.20260989010989014,0.1322869955156951,0.16149635036496354,0.142512077294686,0.26222222222222225,0.17217898832684828,0.09335443037974685,0.14750000000000002,0.1735294117647059,0.13882352941176473,0.14750000000000002,0.10800000000000001
TCA,0.23153935185185182,0.3637,0.20611950549450553,0.3363677130044843,0.273786496350365,0.2416183574879227,0.11118888888888888,0.19461089494163425,0.0791772151898734,0.166725,0.23535882352941176,0.17654117647058823,0.37505,0.185
TCG,0.1898148148148148,0.20727272727272725,0.13461538461538464,0.21973094170403587,0.17883211678832117,0.13768115942028986,0.14666666666666664,0.15953307392996108,0.10443037974683543,0.3033333333333333,0.1341176470588235,0.17411764705882352,0.245,0.121
TCC,0.4166666666666666,0.4581818181818182,0.543956043956044,0.32286995515695066,0.4598540145985402,0.5217391304347827,0.56,0.4202334630350195,0.45569620253164556,0.42,0.46588235294117647,0.5082352941176471,0.36,0.488
TCT,0.5787037037037037,0.6363636363636364,0.7554945054945056,0.4484304932735426,0.6386861313868614,0.7246376811594204,0.7777777777777778,0.5836575875486382,0.6329113924050632,0.5833333333333334,0.6470588235294118,0.7058823529411765,0.5,0.677
TTA,0.23148148148148145,0.5454545454545454,0.6181318681318682,0.672645739910314,0.3649635036496351,0.4227053140096619,0.3333333333333333,0.2918287937743191,0.23734177215189872,0.16666666666666666,0.8235294117647058,0.23529411764705882,0.625,0.431
TTG,1.0,0.72,0.7472527472527473,1.0,0.8467153284671532,0.678743961352657,0.6622222222222223,0.77431906614786,0.7088607594936708,0.6366666666666666,0.3811764705882353,0.6635294117647058,0.825,0.754
TTC,0.6944444444444444,0.8181818181818182,0.6181318681318682,0.5605381165919282,0.5474452554744526,0.6038647342995169,0.6666666666666666,0.4863813229571985,0.47468354430379744,0.5,0.5294117647058824,0.47058823529411764,0.625,0.616
TTT,0.40972222222222227,0.4827272727272728,0.3646978021978023,0.3307174887892377,0.3229927007299271,0.356280193236715,0.39333333333333337,0.2869649805447471,0.28006329113924056,0.29500000000000004,0.3123529411764706,0.27764705882352947,0.36875,0.27
